{
  "hash": "9e1ad903",
  "configHash": "1efa5467",
  "lockfileHash": "7baba306",
  "browserHash": "194b2c75",
  "optimized": {
    "@angular/core": {
      "src": "../../../../../../node_modules/@angular/core/fesm2022/core.mjs",
      "file": "@angular_core.js",
      "fileHash": "c2e0a03e",
      "needsInterop": false
    },
    "@angular/platform-browser": {
      "src": "../../../../../../node_modules/@angular/platform-browser/fesm2022/platform-browser.mjs",
      "file": "@angular_platform-browser.js",
      "fileHash": "d0faa5c1",
      "needsInterop": false
    },
    "@angular/router": {
      "src": "../../../../../../node_modules/@angular/router/fesm2022/router.mjs",
      "file": "@angular_router.js",
      "fileHash": "602e73f2",
      "needsInterop": false
    },
    "@angular/common/http": {
      "src": "../../../../../../node_modules/@angular/common/fesm2022/http.mjs",
      "file": "@angular_common_http.js",
      "fileHash": "eaf595cc",
      "needsInterop": false
    },
    "@angular/common": {
      "src": "../../../../../../node_modules/@angular/common/fesm2022/common.mjs",
      "file": "@angular_common.js",
      "fileHash": "43b7deba",
      "needsInterop": false
    },
    "@angular/forms": {
      "src": "../../../../../../node_modules/@angular/forms/fesm2022/forms.mjs",
      "file": "@angular_forms.js",
      "fileHash": "b9f02018",
      "needsInterop": false
    }
  },
  "chunks": {
    "chunk-K42OZGNI": {
      "file": "chunk-K42OZGNI.js"
    },
    "chunk-NDJH4ZDD": {
      "file": "chunk-NDJH4ZDD.js"
    },
    "chunk-ZJKLAVTL": {
      "file": "chunk-ZJKLAVTL.js"
    },
    "chunk-ADJQCICN": {
      "file": "chunk-ADJQCICN.js"
    }
  }
}